Type,Air temperature [K],Process temperature [K],Rotational speed [rpm],Torque [Nm],Tool wear [min],Machine failure
2,300.8,312.0,1443,53.3,151,0
1,300.8,312.0,1374,50.2,154,0
2,300.9,312.1,1851,23.0,156,0
2,300.8,312.0,1274,67.3,159,0
1,300.9,312.0,1533,44.0,162,0
1,300.8,312.0,1477,37.3,164,0
1,300.9,312.1,1462,46.0,166,0
2,301.0,312.1,1664,28.4,168,0
1,300.8,311.9,1414,41.1,171,0
0,300.9,312.0,2129,17.8,173,0
1,300.8,311.8,1323,61.1,178,0
1,300.8,311.8,1427,43.3,180,0
2,300.9,312.0,1375,56.1,182,0
2,300.9,312.0,1402,50.7,185,0
1,300.9,312.0,1500,44.2,188,0
2,301.0,312.0,1558,37.5,190,0
2,300.9,312.0,1447,41.4,193,0
1,301.0,312.0,1518,39.3,196,0
1,301.0,311.9,1889,23.5,198,0
1,301.0,312.1,1675,30.7,200,0
0,300.9,312.0,1720,27.9,202,0
2,301.0,312.0,1499,34.6,207,0
1,300.9,312.0,1441,43.8,210,0
0,300.9,312.0,1397,42.7,212,0
1,300.9,312.0,1493,38.7,217,0
2,300.8,312.0,1422,50.7,219,0
1,300.7,311.9,1399,50.2,222,1
1,300.6,311.9,1425,44.9,224,0
1,300.6,311.8,1501,44.8,226,0
2,300.6,311.9,1629,35.3,0,0
1,300.6,312.0,1490,42.2,3,0
1,300.7,312.0,1550,32.4,5,0
1,300.8,312.0,1416,46.5,7,0
1,300.7,311.9,1485,38.8,9,0
1,300.7,311.8,1564,36.8,11,0
1,300.7,311.7,1910,19.7,13,0
1,300.7,311.7,1460,46.1,15,0
1,300.7,311.8,1603,34.1,17,0
1,300.7,311.8,1486,47.3,19,0
1,300.8,311.9,1560,31.8,21,0
1,300.8,311.9,1498,39.3,23,0
0,300.8,311.9,1431,48.5,25,0
1,300.8,311.9,1486,45.1,30,0
1,300.7,311.9,1486,35.8,32,0
1,300.7,311.8,1441,38.1,34,0
2,300.7,311.9,1366,55.1,36,0
1,300.6,311.8,1471,41.4,39,0
1,300.6,311.9,1463,38.2,41,0
1,300.6,311.9,1413,41.3,43,0
0,300.6,311.9,1604,30.5,45,0
1,300.7,312.0,1401,51.1,50,0
1,300.6,311.8,1652,27.2,52,0
1,300.5,311.9,1403,45.7,54,0
1,300.5,311.9,1887,21.7,56,0
1,300.4,311.8,1405,47.9,58,0
0,300.2,311.6,1496,41.1,60,0
1,300.1,311.5,1499,43.4,65,0
1,300.2,311.5,1549,37.2,67,0
1,300.3,311.6,1515,44.9,69,0
1,300.2,311.6,1540,37.7,71,0
0,300.2,311.5,1426,44.3,73,0
2,300.2,311.6,1465,41.4,78,0
2,300.3,311.6,1359,54.1,81,0
2,300.3,311.7,1551,36.4,84,0
1,300.5,311.8,1596,34.8,87,0
2,300.5,311.9,1670,26.3,89,0
1,300.4,311.9,1868,21.3,92,0
2,300.6,312.0,1490,39.8,94,0
2,300.5,311.9,1676,35.2,97,0
2,300.5,311.9,1875,22.1,100,0
2,300.5,312.0,1867,23.0,103,0
1,300.5,312.0,1646,29.5,106,0
0,300.5,312.0,1375,43.2,108,0
1,300.5,312.0,1558,36.7,113,0
1,300.4,312.0,1631,34.9,115,0
1,300.4,312.0,1366,43.0,117,0
1,300.3,311.8,1360,48.0,119,0
1,300.3,311.8,1547,39.7,121,0
1,300.3,311.7,1571,31.2,123,0
1,300.2,311.5,1528,36.1,125,0
0,300.2,311.5,1432,43.6,127,0
1,300.2,311.6,1356,53.5,132,0
0,300.1,311.5,1422,46.2,134,0
1,300.1,311.4,1438,42.2,139,0
1,300.2,311.4,1483,44.4,141,0
1,300.2,311.4,1331,49.8,143,0
1,300.2,311.4,1463,37.5,145,0
1,300.1,311.4,1446,40.6,147,0
1,300.1,311.4,1356,45.7,149,0
1,300.1,311.3,1676,30.3,151,0
1,300.1,311.4,1910,23.0,153,0
1,300.2,311.6,1375,56.9,155,0
2,300.2,311.6,1513,40.8,157,0
1,300.2,311.6,1511,35.7,160,0
0,300.2,311.6,1662,28.8,162,0
1,300.2,311.7,1493,48.3,167,0
2,300.2,311.7,1555,37.4,169,0
1,300.3,311.7,1452,41.5,172,0
1,300.2,311.6,1500,39.0,174,0
1,300.2,311.7,1603,30.5,176,0
1,300.3,311.7,1682,27.8,178,0
1,300.3,311.8,1567,37.7,180,0
1,300.3,311.8,1413,46.0,182,0
2,300.3,311.9,1429,41.6,184,0
1,300.3,311.9,1692,31.5,187,0
1,300.4,311.9,1476,48.7,189,0
2,300.4,312.0,1596,30.4,191,0
0,300.3,311.9,1390,49.0,194,0
2,300.3,311.8,1607,33.7,199,0
1,300.3,311.7,1821,26.3,202,0
0,300.3,311.8,2141,18.5,204,0
2,300.4,311.8,1553,33.1,209,1
2,300.4,311.8,1442,45.1,0,0
1,300.4,311.7,1459,45.6,3,0
0,300.4,311.8,2496,13.5,5,0
1,300.4,311.8,1367,57.2,10,0
1,300.3,311.8,2004,19.6,12,0
1,300.3,311.7,1406,47.5,14,0
1,300.3,311.8,1548,33.0,16,0
1,300.3,311.7,1333,55.2,18,0
1,300.2,311.6,1767,26.4,20,0
1,300.2,311.6,1827,27.0,22,0
2,300.2,311.6,1533,46.4,24,0
0,300.2,311.5,1515,36.8,27,0
1,300.2,311.4,1568,41.0,32,0
1,300.2,311.4,1452,47.8,34,0
1,300.2,311.4,1433,37.9,36,0
2,300.1,311.3,1650,33.8,38,0
1,300.1,311.4,1629,31.3,41,0
1,300.0,311.3,1520,39.2,43,0
0,300.0,311.2,1393,43.1,45,0
0,299.9,311.2,1364,49.6,50,0
2,299.9,311.3,1389,50.0,55,0
1,299.8,311.1,1466,46.1,58,0
1,299.7,311.1,1650,32.4,60,0
1,299.6,311.0,1554,36.3,62,0
2,299.6,310.9,1474,39.7,64,0
0,299.5,310.8,1600,32.4,67,0
1,299.5,310.8,1356,54.9,72,0
1,299.5,310.8,1571,38.2,74,0
1,299.6,310.9,1658,28.0,76,0
1,299.6,310.8,1393,49.9,78,0
2,299.7,311.0,1448,49.8,80,0
1,299.7,310.9,1477,40.4,83,0
2,299.7,311.0,1506,42.7,85,0
2,299.7,310.9,1685,32.1,88,0
1,299.6,310.9,1533,31.8,91,0
1,299.5,310.8,1447,41.0,93,0
2,299.5,310.7,1488,39.5,95,0
2,299.6,310.8,1427,50.4,98,0
2,299.5,310.7,1424,41.3,101,0
1,299.5,310.7,1472,40.9,104,0
1,299.5,310.7,1438,45.7,106,0
1,299.6,310.8,1507,42.4,108,0
1,299.6,310.7,1393,52.1,110,0
1,299.5,310.8,1283,52.4,112,0
1,299.6,310.8,1644,30.9,114,0
1,299.6,310.8,1498,46.9,116,0
1,299.6,310.8,1400,40.8,118,0
0,299.6,310.9,1679,31.2,120,0
2,299.7,311.1,1618,30.3,125,0
0,299.6,311.0,1714,30.2,128,0
1,299.6,311.0,1574,35.0,133,0
1,299.7,311.1,1574,36.4,135,0
1,299.6,310.9,1472,40.9,137,0
1,299.6,311.0,1552,33.2,139,0
1,299.7,311.1,1603,31.4,141,0
0,299.7,311.1,1353,47.1,143,0
1,299.7,311.1,1690,30.6,148,0
2,299.8,311.2,1745,26.3,150,0
1,299.9,311.3,1522,45.7,153,0
0,300.0,311.4,1641,34.5,155,0
1,299.9,311.4,1596,28.9,160,0
0,299.9,311.4,1497,37.0,162,0
1,299.9,311.3,1371,52.3,167,0
2,299.9,311.3,1445,41.2,169,0
1,299.8,311.2,1564,40.0,172,0
1,299.7,311.1,1439,44.9,174,0
1,299.7,311.2,1352,52.1,176,0
1,299.8,311.3,1560,35.4,178,0
2,299.7,311.2,1616,42.3,180,0
1,299.7,311.2,1835,23.7,183,0
2,299.7,311.1,1649,32.7,185,0
1,299.8,311.1,1452,47.3,188,0
1,299.8,311.1,2144,17.7,190,0
1,299.7,311.1,1554,41.0,192,0
1,299.7,311.0,1827,25.4,194,0
1,299.6,310.9,1448,46.3,196,0
2,299.6,310.9,1530,38.8,198,0
1,299.7,311.0,1983,21.0,201,0
2,299.7,310.9,1620,37.2,203,0
2,299.6,310.9,1630,29.8,206,0
1,299.6,310.9,1229,65.2,209,1
1,299.5,310.8,1873,22.3,211,0
1,299.4,310.7,1426,45.7,213,0
1,299.4,310.8,1376,53.9,215,1
1,299.4,310.8,1622,33.6,217,0
2,299.4,310.7,1492,45.7,219,0
2,299.3,310.7,1374,48.9,222,0
1,299.2,310.7,1737,27.0,225,1
1,299.3,310.8,1426,42.4,0,0
2,299.3,310.9,1826,25.1,2,0
1,299.3,310.9,1669,32.4,5,0
2,299.4,310.9,1473,40.1,7,0
1,299.4,310.9,1751,27.8,10,0
2,299.4,310.9,1446,47.3,12,0
1,299.3,310.8,1483,43.5,15,0
1,299.2,310.7,1535,42.6,17,0
1,299.2,310.7,1477,44.0,19,0
1,299.3,310.8,1391,46.9,21,0
0,299.2,310.7,1636,29.4,23,0
1,299.2,310.6,1675,33.3,28,0
0,299.2,310.5,1329,48.9,30,0
2,299.2,310.5,1548,33.5,35,0
1,299.2,310.5,1391,45.8,38,0
1,299.1,310.5,1437,43.1,40,0
1,299.2,310.6,1370,61.9,42,0
1,299.1,310.6,1577,37.1,44,0
1,299.1,310.5,1485,37.8,46,0
1,299.0,310.4,1504,34.3,48,0
2,298.9,310.3,1551,35.2,50,0
2,299.1,310.5,1428,43.0,53,0
1,299.0,310.5,1755,27.9,56,0
1,299.1,310.5,1329,54.9,58,0
1,299.1,310.5,1496,35.2,60,0
1,299.1,310.5,1532,36.6,62,0
1,299.1,310.5,1389,61.4,64,0
2,299.1,310.4,1524,51.4,66,0
2,299.1,310.4,1422,49.3,69,0
1,299.1,310.5,1739,27.4,72,0
1,299.1,310.5,1736,26.9,74,0
1,299.1,310.5,1419,48.8,76,0
1,299.1,310.6,1326,49.7,78,0
2,299.1,310.6,1449,43.2,80,0
1,299.2,310.6,1534,39.7,83,0
2,299.2,310.6,1443,50.9,85,0
1,299.2,310.6,1498,41.1,88,0
1,299.1,310.6,1796,26.0,90,0
1,299.1,310.4,1519,45.3,92,0
1,299.0,310.4,1339,49.6,94,0
1,299.0,310.4,1483,41.5,96,0
2,298.9,310.2,2099,20.0,98,0
2,299.0,310.3,1689,29.7,101,0
0,299.1,310.4,1369,54.5,104,0
1,299.0,310.4,1512,38.8,109,0
2,299.0,310.3,1303,68.6,111,1
1,299.0,310.3,1552,39.9,114,0
1,299.0,310.4,1713,28.0,116,0
1,298.9,310.3,1456,44.1,118,0
1,299.0,310.4,1524,39.8,120,0
2,299.0,310.4,1394,45.2,122,0
1,299.0,310.4,1981,21.2,125,0
1,299.0,310.4,1565,36.1,127,0
1,299.1,310.4,1657,31.0,129,0
2,299.0,310.4,1625,37.1,131,0
1,299.0,310.4,1606,31.1,134,0
0,299.0,310.5,1336,56.8,136,0
2,299.0,310.6,1587,34.2,141,0
1,299.1,310.6,1602,39.7,144,0
1,299.1,310.5,1471,38.4,146,0
0,299.1,310.6,1332,48.0,148,0
0,299.2,310.6,1434,48.4,153,0
1,299.1,310.6,1921,23.9,158,0
0,299.2,310.6,1704,30.6,160,0
2,299.1,310.6,1397,49.5,165,0
0,299.1,310.6,1791,28.0,168,0
1,299.1,310.6,1818,24.1,173,0
1,299.2,310.7,1540,36.3,175,0
2,299.2,310.8,1502,39.8,177,0
0,299.2,310.8,1761,30.4,180,0
2,299.1,310.8,1517,38.4,185,0
1,299.1,310.7,1309,51.1,188,0
1,298.9,310.6,1363,52.6,190,0
2,299.0,310.6,1787,22.2,192,0
1,298.9,310.5,1640,29.2,195,0
2,298.9,310.6,1720,25.3,197,0
1,298.8,310.5,1384,52.8,200,0
0,298.8,310.5,1294,55.8,202,0
1,298.8,310.5,1464,46.4,207,0
1,298.8,310.6,1803,25.4,209,0
1,298.8,310.6,1602,39.1,211,0
0,298.9,310.6,1519,38.8,213,0
2,298.9,310.7,1638,33.6,218,0
0,298.9,310.6,1615,33.0,221,0
1,298.8,310.6,1651,33.3,0,0
1,298.9,310.6,1387,52.7,2,0
2,298.8,310.5,1678,32.8,4,0
1,298.9,310.6,1585,38.1,7,0
2,298.8,310.6,1640,33.8,9,0
1,298.9,310.6,1406,43.8,12,0
2,298.9,310.6,1679,35.8,14,0
1,298.9,310.5,1717,26.9,17,0
0,298.9,310.5,1429,39.9,19,0
2,298.9,310.4,1533,44.4,24,0
2,298.9,310.5,1525,38.5,27,0
1,298.9,310.4,1739,26.3,30,0
1,298.9,310.3,1436,39.0,32,0
2,298.8,310.2,1595,33.1,34,0
0,298.7,310.1,1435,45.6,37,0
1,298.7,310.0,1637,31.8,42,0
1,298.7,310.1,1558,37.6,44,0
2,298.7,310.1,1644,34.1,46,0
1,298.7,310.1,1641,31.1,49,0
1,298.8,310.2,1504,41.0,51,0
2,298.7,310.1,1506,50.7,53,0
0,298.8,310.1,1380,44.0,56,0
2,298.7,310.1,1549,42.5,61,0
2,298.7,310.1,1402,69.7,64,1
1,298.7,310.1,1401,45.3,67,0
2,298.7,310.0,1459,40.2,69,0
1,298.7,309.9,1465,39.7,72,0
2,298.8,310.0,1295,52.7,74,0
2,298.8,310.0,1529,38.5,77,0
2,298.8,310.0,1484,44.9,80,0
1,298.8,309.9,1739,30.6,83,0
0,298.7,309.8,1422,40.7,85,0
1,298.8,309.8,1463,40.0,90,0
1,298.7,309.7,1667,30.4,92,0
0,298.7,309.7,1565,39.3,94,0
1,298.7,309.7,1393,45.7,99,0
2,298.8,309.7,1453,47.7,101,0
1,298.8,309.6,1442,50.0,104,0
1,298.7,309.6,1364,44.9,106,0
0,298.7,309.5,1453,40.4,108,0
2,298.7,309.5,1394,46.0,113,0
2,298.7,309.5,1500,38.8,116,0
0,298.6,309.5,1523,34.2,119,0
2,298.7,309.6,1254,57.1,124,0
1,298.6,309.5,1325,52.2,127,0
1,298.8,309.7,1424,49.6,129,0
1,298.8,309.7,1505,39.0,131,0
2,298.8,309.7,1392,48.7,133,0
1,298.8,309.7,1529,44.0,136,0
2,298.8,309.7,1477,48.5,138,0
2,298.8,309.7,1459,47.3,141,0
2,299.0,309.8,2240,15.9,144,0
1,298.9,309.7,1449,48.8,147,0
2,298.8,309.7,1589,35.3,149,0
1,298.8,309.7,1740,28.5,152,0
2,298.8,309.7,1499,40.3,154,0
2,298.8,309.7,1480,38.1,157,0
1,298.8,309.7,1751,29.6,160,0
1,298.7,309.7,1510,40.6,162,0
0,298.8,309.8,1437,48.2,164,0
1,298.8,309.7,1609,40.4,169,0
0,298.8,309.8,1490,35.9,171,0
1,298.7,309.7,1601,35.7,176,0
1,298.7,309.6,1665,31.1,178,0
2,298.7,309.6,1452,42.7,180,0
2,298.7,309.5,1487,33.6,183,0
2,298.7,309.6,1382,48.1,186,0
2,298.7,309.6,1686,26.2,189,0
1,298.6,309.6,1491,36.9,192,0
1,298.7,309.6,1442,55.6,194,0
1,298.6,309.6,1390,50.3,196,0
1,298.7,309.6,1502,46.7,198,0
2,298.6,309.6,1344,59.4,200,0
1,298.5,309.5,1385,46.3,203,1
1,298.7,309.7,1547,37.4,0,0
2,298.6,309.6,1525,42.4,2,0
1,298.6,309.6,1540,35.8,5,0
1,298.6,309.5,1450,44.3,7,0
1,298.6,309.6,1353,62.5,9,0
1,298.8,309.7,1582,45.0,11,0
1,298.9,309.8,1396,49.0,13,0
2,298.8,309.8,1551,36.6,15,0
2,298.9,309.8,1836,22.8,18,0
1,298.9,309.8,1390,49.9,21,0
1,298.9,309.8,1534,42.1,23,0
1,298.8,309.7,1953,20.6,25,0
1,298.8,309.8,1634,33.6,27,0
1,298.7,309.7,1881,21.7,29,0
2,298.8,309.7,1448,44.8,31,0
2,298.7,309.7,1362,50.5,34,0
1,298.8,309.7,1225,63.4,37,0
2,298.8,309.6,1384,48.2,39,0
1,298.8,309.8,1334,49.3,42,0
1,298.8,309.7,1336,50.3,44,0
2,298.8,309.9,1331,61.6,46,0
1,298.8,309.9,1629,31.9,49,0
1,298.9,310.0,1776,25.7,51,0
0,298.8,310.0,1530,38.3,53,0
1,298.9,310.0,1719,27.3,58,0
2,298.8,309.9,1495,35.2,60,0
1,298.8,309.7,1450,43.1,63,0
0,298.8,309.8,1563,38.8,65,0
2,298.9,309.9,1501,37.1,70,0
1,298.8,309.9,1351,47.2,73,0
1,298.9,309.9,1365,46.5,75,0
1,298.8,309.9,1525,39.7,77,0
2,298.8,309.8,1288,61.9,79,0
1,298.6,309.6,1423,42.7,82,0
2,298.5,309.6,1502,39.4,84,0
1,298.5,309.5,1428,43.5,87,0
2,298.6,309.5,1566,38.1,89,0
2,298.5,309.5,1483,44.8,92,0
0,298.6,309.6,1593,33.3,95,0
1,298.5,309.6,1724,26.4,100,0
1,298.5,309.7,2617,12.1,102,1
1,298.6,309.7,1294,59.4,104,0
1,298.6,309.6,1533,40.7,106,0
0,298.5,309.4,1671,31.8,108,0
1,298.5,309.5,1370,52.4,113,0
1,298.5,309.6,1462,45.1,115,0
1,298.4,309.5,1545,36.6,117,0
2,298.4,309.5,1484,41.7,119,0
2,298.4,309.5,1344,45.3,122,0
1,298.4,309.5,1357,50.1,125,0
2,298.5,309.6,1572,33.0,127,0
1,298.5,309.6,1861,26.9,130,0
1,298.5,309.5,1548,44.5,132,0
1,298.6,309.8,1496,37.7,134,0
2,298.6,309.7,1314,49.7,136,0
2,298.6,309.7,1422,49.7,139,0
1,298.6,309.8,1842,20.1,142,0
2,298.7,309.9,1434,53.0,144,0
2,298.8,310.1,1585,31.3,147,0
0,298.8,310.1,1704,30.7,150,0
1,298.9,310.2,1971,23.2,155,0
1,299.0,310.3,1431,39.9,157,0
1,298.9,310.4,1546,37.7,159,0
1,298.9,310.3,1496,36.3,161,0
0,298.9,310.3,1243,63.0,163,0
1,299.0,310.4,1452,46.2,168,0
1,299.1,310.6,1380,44.7,170,0
1,299.2,310.6,1567,38.4,172,0
1,299.1,310.5,1628,35.9,174,0
1,299.1,310.4,1505,46.1,176,0
2,299.0,310.3,1827,28.0,178,0
1,299.0,310.3,1577,40.0,181,0
1,298.9,310.2,1304,57.2,183,0
0,298.9,310.1,1324,54.6,185,0
1,298.8,310.0,1537,39.9,190,0
2,298.8,310.1,1501,48.7,192,0
2,298.7,309.9,1654,29.1,195,0
2,298.7,310.0,1519,38.1,198,0
1,298.7,309.9,1371,51.3,201,0
1,298.7,309.8,1181,65.9,203,1
1,298.6,309.8,1469,42.8,205,0
1,298.6,309.8,1637,34.6,207,0
1,298.6,309.8,1370,56.0,0,0
1,298.6,309.9,1630,30.6,2,0
1,298.6,310.0,1517,39.0,4,0
2,298.6,309.9,1668,32.3,6,0
2,298.6,309.9,1818,24.9,9,0
2,298.6,310.0,1541,36.9,12,0
1,298.5,309.9,1482,42.1,15,0
1,298.6,310.1,1439,49.9,17,0
1,298.5,310.0,1492,41.2,19,0
1,298.4,309.9,1725,27.8,21,0
1,298.4,310.0,1559,44.2,23,0
1,298.5,310.0,1435,42.5,25,0
2,298.6,310.0,1512,37.5,27,0
1,298.6,309.9,1564,37.1,30,0
1,298.6,310.0,1522,40.3,32,0
1,298.6,309.9,1356,59.5,34,0
1,298.6,309.9,1556,38.6,36,0
1,298.6,309.9,1393,45.5,38,0
1,298.7,309.9,1753,26.8,40,0
1,298.7,309.9,1651,29.5,42,0
1,298.7,309.9,1372,54.7,44,0
1,298.7,309.9,1446,43.3,46,0
2,298.7,309.8,1501,44.7,48,0
2,298.7,309.9,1411,45.1,51,0
0,298.6,309.7,1672,27.5,54,0
2,298.7,309.8,1475,40.5,59,0
1,298.7,309.8,1469,38.4,62,0
1,298.6,309.8,1704,28.3,64,0
0,298.6,309.7,1463,39.1,66,0
2,298.6,309.7,1280,64.1,71,0
1,298.7,309.9,1464,38.0,74,0
1,298.6,309.8,1332,46.4,76,0
1,298.5,309.7,1634,37.8,78,0
2,298.6,309.8,1430,43.1,80,0
2,298.5,309.7,1523,44.6,83,0
2,298.5,309.7,1557,37.7,86,0
1,298.5,309.6,1585,32.2,89,0
0,298.5,309.6,1579,33.5,91,0
2,298.5,309.7,1354,60.8,96,0
1,298.6,309.7,1627,33.4,99,0
1,298.4,309.6,1477,35.6,101,0
2,298.3,309.4,1595,29.0,103,0
1,298.4,309.5,1520,38.1,106,0
1,298.3,309.4,1618,31.5,108,0
1,298.4,309.5,1397,50.3,110,0
1,298.4,309.5,1450,47.9,112,0
2,298.5,309.5,1501,40.2,114,0
1,298.4,309.4,1392,50.1,117,0
1,298.4,309.4,1385,43.2,119,0
1,298.4,309.4,1461,46.3,121,0
2,298.5,309.6,1364,58.7,123,0
1,298.5,309.5,1579,38.6,126,0
2,298.4,309.5,1514,38.8,128,0
2,298.3,309.5,1560,36.9,131,0
1,298.3,309.5,1542,36.7,134,0
1,298.3,309.4,1668,27.1,136,0
2,298.3,309.4,1816,22.6,138,0
2,298.3,309.4,1509,34.2,141,0
1,298.4,309.6,1479,37.8,144,0
1,298.4,309.6,1655,30.2,146,0
1,298.3,309.5,1711,30.3,148,0
1,298.4,309.7,1581,34.6,150,0
0,298.6,309.8,1279,55.9,152,0
1,298.5,309.8,1468,40.9,157,0
1,298.4,309.7,1419,41.3,159,0
1,298.4,309.7,1530,38.6,161,0
1,298.4,309.6,1710,27.3,163,1
1,298.4,309.7,1518,39.8,165,0
2,298.4,309.7,1679,33.3,167,0
2,298.4,309.7,1870,22.5,170,0
1,298.3,309.7,1484,44.3,173,0
1,298.4,309.7,1457,44.2,175,0
0,298.3,309.6,1546,36.2,177,0
2,298.2,309.5,1478,36.5,182,0
1,298.2,309.4,1447,47.1,185,0
1,298.2,309.4,1443,45.4,187,0
1,298.3,309.6,1527,30.9,189,0
2,298.3,309.6,1469,54.8,191,0
2,298.3,309.6,1681,27.1,194,0
1,298.3,309.6,1420,44.1,197,0
2,298.3,309.5,1543,49.9,199,0
1,298.4,309.5,1376,50.4,202,0
0,298.3,309.4,1631,29.8,0,0
0,298.3,309.3,1529,41.7,5,0
1,298.3,309.4,1468,46.2,10,0
1,298.3,309.4,1378,52.3,12,0
1,298.3,309.3,1401,51.9,14,0
1,298.4,309.3,1531,37.4,16,0
1,298.4,309.3,1512,35.8,18,0
2,298.5,309.4,1522,47.4,20,0
2,298.5,309.3,1615,31.8,23,0
1,298.6,309.3,1449,46.5,26,0
1,298.6,309.4,1315,55.5,28,0
2,298.6,309.4,1465,41.1,30,0
2,298.6,309.5,1404,43.3,33,0
1,298.6,309.5,1547,44.8,36,0
2,298.6,309.5,1426,45.4,38,0
1,298.6,309.5,1730,30.2,41,0
1,298.5,309.4,1548,37.7,43,0
1,298.5,309.4,1517,40.2,45,0
1,298.6,309.5,1687,29.3,47,0
1,298.5,309.5,1738,25.2,49,0
0,298.4,309.4,1512,35.3,51,0
2,298.5,309.4,1365,48.7,56,0
0,298.5,309.4,2011,21.0,59,0
1,298.4,309.3,1806,27.6,64,0
1,298.4,309.3,1716,28.4,66,0
2,298.4,309.4,1666,24.3,68,0
1,298.5,309.4,1578,36.3,71,0
1,298.3,309.3,1558,37.2,73,0
1,298.3,309.2,1456,45.5,75,0
2,298.2,309.1,1457,49.0,77,0
1,298.2,309.1,1467,44.5,80,0
2,298.1,309.0,1661,38.2,82,0
1,298.1,309.0,1592,33.9,85,0
1,298.2,309.0,1596,37.2,87,0
1,298.2,309.0,1489,40.6,89,0
1,298.3,309.0,1471,48.3,91,0
2,298.3,309.0,1505,41.3,93,0
1,298.3,309.0,1519,40.0,96,0
1,298.3,309.0,1408,45.4,98,0
1,298.2,308.9,1332,44.4,100,0
1,298.1,308.9,1351,52.4,102,0
1,298.0,308.9,1500,36.7,104,0
2,298.0,308.7,1614,30.7,106,0
1,298.0,308.8,1489,36.5,109,0
2,297.9,308.7,1751,26.6,111,0
1,298.0,308.7,1511,45.8,114,0
1,297.9,308.6,1691,29.6,116,0
1,297.9,308.6,1757,27.5,118,0
0,297.9,308.7,1545,35.9,120,0
1,297.9,308.6,2262,15.7,125,0
2,297.7,308.5,1559,35.2,127,0
1,297.6,308.4,1626,32.4,130,0
1,297.6,308.3,1424,53.9,132,0
2,297.6,308.3,1648,29.1,134,0
1,297.6,308.3,1523,39.5,137,0
1,297.6,308.3,1502,43.2,139,0
1,297.5,308.2,1489,40.7,141,0
2,297.4,308.1,1620,31.2,143,0
1,297.5,308.1,1631,30.6,146,0
2,297.5,308.0,1429,45.8,148,0
2,297.5,308.1,1334,72.0,151,1
1,297.4,308.0,1423,38.0,154,0
1,297.4,307.9,1390,47.7,156,0
2,297.4,307.9,1338,48.5,158,0
0,297.3,307.9,1461,37.5,161,0
2,297.4,307.9,1627,34.3,166,0
1,297.3,307.8,1385,44.4,169,0
2,297.3,307.8,1538,48.0,171,0
1,297.4,307.9,1557,35.5,174,0
1,297.4,307.9,1606,33.4,176,0
2,297.5,308.0,1430,44.5,178,0
2,297.4,308.0,1601,34.6,181,0
1,297.4,308.0,1356,51.9,184,0
2,297.5,308.2,1624,30.9,186,0
1,297.5,308.2,1327,56.5,189,0
1,297.6,308.3,1410,47.0,191,0
1,297.6,308.3,1478,42.3,193,0
1,297.6,308.4,1460,40.3,195,0
1,297.5,308.3,1435,40.3,197,0
0,297.4,308.2,1359,46.9,199,0
1,297.4,308.1,1729,31.7,204,0
0,297.3,308.0,1384,49.1,206,0
1,297.4,308.2,1297,52.1,211,0
1,297.5,308.4,1633,33.3,213,0
2,297.5,308.4,1505,37.2,215,0
1,297.5,308.4,1433,50.0,218,0
1,297.4,308.4,1369,50.6,220,1
1,297.4,308.3,1475,40.5,222,1
1,297.4,308.3,1561,38.3,0,0
1,297.4,308.3,1472,45.5,2,0
1,297.5,308.4,1441,44.5,4,0
2,297.5,308.5,1401,50.5,6,0
1,297.5,308.5,1691,33.1,9,0
1,297.6,308.6,1382,47.1,11,0
1,297.6,308.6,1355,46.4,13,0
1,297.6,308.6,1529,45.3,15,0
1,297.7,308.7,1829,24.9,17,0
0,297.6,308.6,1480,39.8,19,0
1,297.6,308.5,1475,42.4,24,0
2,297.6,308.5,1431,52.6,26,0
1,297.5,308.3,1437,42.3,29,0
2,297.5,308.3,1476,45.6,31,0
0,297.5,308.4,1490,39.7,34,0
1,297.4,308.3,1632,33.5,39,0
1,297.4,308.2,1402,49.7,41,0
1,297.4,308.3,1347,45.8,43,0
1,297.5,308.4,1747,31.0,45,0
0,297.5,308.5,1557,39.1,47,0
1,297.4,308.4,1371,57.4,52,0
0,297.3,308.3,1506,37.0,54,0
1,297.3,308.3,1590,35.5,59,0
1,297.4,308.3,1336,53.7,61,0
1,297.3,308.3,1411,43.2,63,0
1,297.4,308.3,1704,27.3,65,0
1,297.5,308.4,1723,27.3,67,0
1,297.5,308.5,1459,39.7,69,0
1,297.6,308.5,1572,35.9,71,0
1,297.5,308.4,1384,56.0,73,0
1,297.6,308.6,1383,47.5,75,0
2,297.6,308.5,1360,48.6,77,0
2,297.5,308.4,1596,36.6,80,0
1,297.5,308.5,1448,54.3,83,0
2,297.6,308.5,1443,38.2,85,0
2,297.6,308.6,1492,35.5,88,0
1,297.5,308.6,1497,43.9,91,0
1,297.5,308.5,1530,38.5,93,0
2,297.4,308.4,1478,46.2,95,0
1,297.4,308.4,1328,61.8,98,0
0,297.4,308.3,1771,27.4,100,0
2,297.4,308.4,1564,35.0,105,0
0,297.3,308.3,1461,41.5,108,0
2,297.4,308.3,1335,57.9,113,0
2,297.4,308.4,1441,46.8,116,0
1,297.3,308.3,1268,60.6,119,0
2,297.3,308.3,1697,27.4,121,0
1,297.4,308.4,1421,46.0,124,0
1,297.4,308.5,1496,36.4,126,0
1,297.5,308.5,1375,55.6,128,0
1,297.4,308.5,1295,52.1,130,0
1,297.4,308.5,1643,33.8,132,0
1,297.5,308.6,1514,36.9,134,0
1,297.5,308.6,1671,29.4,136,0
0,297.5,308.6,1355,58.9,138,0
1,297.6,308.7,1365,50.6,143,0
1,297.5,308.7,1407,42.5,145,0
2,297.5,308.8,1455,46.1,147,0
1,297.5,308.8,1502,45.9,150,0
2,297.5,308.8,1471,52.3,152,0
1,297.5,308.9,1581,30.4,155,0
1,297.5,308.8,1530,37.8,157,0
1,297.5,308.8,1312,50.3,159,0
1,297.4,308.6,1494,42.6,161,0
2,297.4,308.6,1528,29.1,163,0
0,297.3,308.6,1688,29.4,166,0
2,297.3,308.5,1520,42.4,171,0
2,297.3,308.5,1664,28.9,174,0
1,297.3,308.5,1514,44.5,177,0
1,297.3,308.5,1456,54.2,179,0
1,297.2,308.5,1494,39.6,181,0
1,297.2,308.4,1605,30.0,183,0
2,297.2,308.5,1353,46.5,185,0
1,297.2,308.5,1447,47.9,188,0
1,297.2,308.5,1588,40.4,190,0
0,297.2,308.5,1524,41.4,192,0
2,297.2,308.5,1611,31.6,197,0
2,297.2,308.5,1604,34.9,200,0
1,297.1,308.5,1483,46.9,203,0
1,297.1,308.4,1543,39.6,205,0
1,297.1,308.5,1323,44.4,207,1
1,297.1,308.5,1555,36.2,0,0
1,297.1,308.4,1583,31.9,2,0
2,297.2,308.5,1584,40.0,4,0
1,297.2,308.5,1766,25.8,7,0
2,297.2,308.6,1498,44.4,9,0
1,297.2,308.6,1413,49.8,12,0
1,297.3,308.6,1505,33.5,14,0
0,297.3,308.7,1438,46.2,16,0
2,297.3,308.7,1655,34.1,21,0
2,297.3,308.7,1451,43.8,24,0
2,297.3,308.7,1466,38.4,27,0
1,297.2,308.6,1774,23.0,30,0
2,297.2,308.6,1284,51.3,32,0
1,297.1,308.5,1425,40.0,35,0
1,297.2,308.6,1437,52.4,37,0
1,297.2,308.6,1335,53.0,39,0
1,297.2,308.5,1471,41.7,41,0
2,297.2,308.5,1364,54.0,43,0
1,297.1,308.5,1578,35.6,46,0
1,297.1,308.5,1712,32.1,48,0
1,297.1,308.5,1733,28.7,50,0
1,297.2,308.6,1652,32.1,52,0
1,297.2,308.6,1917,24.1,54,0
2,297.2,308.6,1444,41.1,56,0
1,297.1,308.6,1442,37.1,59,0
2,297.1,308.6,1717,31.3,61,0
1,297.1,308.7,1474,42.3,64,0
1,297.2,308.7,1509,39.3,66,0
1,297.2,308.8,1451,43.1,68,0
1,297.3,308.8,1554,36.1,70,0
1,297.2,308.7,1669,30.7,72,0
1,297.2,308.6,1366,50.4,74,0
1,297.2,308.6,1578,34.4,76,0
2,297.2,308.6,1513,39.0,78,0
2,297.1,308.5,1515,42.1,81,0
1,297.2,308.6,1562,33.0,84,0
1,297.2,308.7,1501,38.5,86,0
2,297.2,308.7,1398,38.1,88,0
1,297.3,308.7,1352,53.8,91,0
0,297.3,308.7,1569,33.9,93,0
0,297.2,308.6,1486,46.6,98,0
1,297.2,308.6,1864,23.6,103,0
2,297.3,308.7,1447,44.5,105,0
1,297.2,308.6,1392,41.5,108,0
1,297.3,308.6,1358,47.6,110,0
1,297.3,308.7,1491,40.2,112,0
1,297.3,308.7,1556,36.7,114,0
1,297.3,308.7,1531,36.7,116,0
0,297.4,308.7,1429,37.6,118,0
2,297.4,308.8,1573,33.9,123,0
1,297.4,308.8,1538,41.2,126,0
1,297.4,308.8,1467,39.0,128,0
0,297.4,308.7,1323,51.1,130,0
2,297.4,308.7,1798,23.0,135,0
1,297.4,308.6,1411,46.3,138,0
1,297.3,308.5,1528,44.5,140,0
1,297.3,308.5,1504,42.0,142,0
1,297.3,308.5,1384,39.6,144,0
1,297.2,308.4,1677,26.4,146,0
1,297.3,308.5,1764,30.8,148,0
2,297.4,308.5,1472,42.0,150,0
2,297.4,308.5,1465,55.9,153,0
2,297.4,308.6,1657,33.1,156,0
1,297.4,308.6,1635,30.5,159,0
2,297.4,308.7,1582,31.9,161,0
1,297.5,308.7,1761,26.2,164,0
1,297.5,308.8,1587,34.9,166,0
2,297.5,308.7,1446,53.0,168,0
2,297.5,308.7,1352,53.0,171,0
2,297.4,308.7,1392,46.4,174,0
1,297.5,308.8,1417,49.8,177,0
0,297.5,308.8,1824,24.0,179,0
1,297.5,308.8,1603,36.7,184,0
1,297.4,308.8,1620,33.4,186,0
1,297.4,308.8,1353,49.4,188,0
1,297.5,308.8,1360,50.7,190,0
1,297.5,308.6,1380,53.5,192,0
2,297.5,308.7,1363,53.6,194,0
2,297.4,308.6,1452,41.2,197,0
1,297.4,308.6,1680,32.8,200,0
1,297.5,308.6,1536,39.0,202,0
1,297.5,308.6,1621,28.9,0,0
1,297.5,308.6,1585,37.6,2,0
2,297.6,308.7,1408,51.5,4,0
0,297.5,308.6,1536,38.7,7,0
1,297.5,308.6,1352,52.6,12,0
0,297.5,308.6,1481,38.8,14,0
1,297.5,308.7,1454,45.0,19,0
2,297.5,308.6,1349,51.5,21,0
2,297.5,308.6,1327,52.1,24,0
1,297.6,308.7,1552,42.3,27,0
1,297.5,308.7,1456,44.7,29,0
2,297.6,308.6,1254,45.8,31,0
1,297.5,308.6,1437,43.3,34,0
1,297.5,308.6,1694,27.1,36,0
1,297.5,308.5,1306,50.7,38,0
2,297.5,308.5,1699,30.1,40,0
1,297.4,308.5,1369,53.2,43,0
1,297.4,308.5,1471,43.9,45,0
1,297.4,308.5,1410,43.9,47,0
2,297.4,308.5,1412,45.5,49,0
1,297.4,308.5,1418,51.2,52,0
1,297.4,308.5,1782,25.9,54,0
2,297.4,308.5,1497,36.4,56,0
1,297.3,308.4,1459,39.4,59,0
1,297.2,308.3,1796,23.8,61,0
1,297.2,308.3,1569,31.2,63,0
1,297.3,308.4,1469,46.7,65,0
1,297.3,308.4,1472,41.3,67,0
1,297.4,308.5,1475,47.2,69,0
1,297.4,308.6,1488,36.4,71,0
1,297.4,308.6,1524,43.1,73,0
1,297.4,308.5,1486,48.6,75,0
2,297.5,308.6,1255,60.7,77,0
2,297.4,308.6,1469,42.6,80,0
1,297.4,308.5,1692,34.3,83,0
2,297.4,308.6,1604,32.8,85,0
1,297.4,308.6,1446,48.1,88,0
1,297.3,308.5,1503,43.3,90,0
2,297.3,308.5,1625,32.8,92,0
1,297.2,308.5,1574,35.8,95,0
2,297.2,308.4,1378,41.9,97,0
1,297.1,308.4,1693,29.5,100,0
1,297.2,308.4,1462,51.2,102,0
0,297.3,308.5,1435,55.0,104,0
2,297.2,308.5,1425,45.8,109,0
0,297.3,308.6,1376,53.5,112,0
2,297.4,308.7,1481,48.0,117,0
0,297.4,308.7,1349,48.9,120,0
1,297.3,308.7,1551,40.0,125,0
0,297.4,308.7,1623,33.8,127,0
1,297.4,308.8,1462,49.7,132,0
2,297.3,308.8,1447,57.4,134,0
2,297.3,308.9,1799,24.5,137,0
2,297.3,308.8,1548,41.3,140,0
2,297.2,308.8,1485,47.9,143,0
1,297.2,308.7,1463,49.9,146,0
1,297.3,308.7,1587,35.8,148,0
2,297.3,308.8,1469,44.1,150,0
0,297.3,308.7,1430,42.8,153,0
0,297.4,308.7,1726,26.8,158,0
1,297.4,308.8,1651,34.1,163,0
1,297.4,308.8,1529,41.3,165,0
1,297.4,308.8,1473,46.2,167,0
0,297.4,308.8,1324,53.5,169,0
1,297.4,308.9,1708,28.8,174,0
2,297.5,309.1,1540,38.5,176,0
1,297.5,309.0,1320,54.7,179,0
2,297.4,308.9,1376,39.0,181,0
2,297.3,308.7,1542,37.0,184,0
1,297.3,308.7,1506,39.3,187,0
1,297.3,308.7,1492,43.6,189,0
0,297.3,308.8,1564,38.0,191,0
0,297.4,308.9,1645,30.8,196,0
2,297.4,308.9,1348,59.1,201,0
2,297.4,308.8,1325,62.4,204,1
1,297.5,308.9,1443,43.5,0,0
2,297.5,308.9,1436,44.8,2,0
1,297.5,308.9,1596,30.7,5,0
1,297.6,309.0,1491,43.2,7,0
2,297.7,308.9,1573,35.1,9,0
1,297.7,308.9,1575,39.9,12,0
1,297.7,308.9,1458,41.1,14,0
2,297.7,309.0,1433,41.8,16,0
1,297.7,308.9,1662,28.1,19,0
2,297.7,308.9,1327,63.7,21,0
1,297.7,308.9,1742,26.3,24,0
1,297.8,308.9,1506,33.5,26,0
1,297.9,309.1,1457,44.4,28,0
2,297.9,309.1,1488,37.3,30,0
1,297.9,309.1,1619,34.7,33,0
2,298.0,309.2,1558,41.7,35,0
1,298.0,309.2,1731,28.7,38,0
2,298.0,309.1,1574,34.8,40,0
1,297.9,309.0,1290,49.8,43,0
0,297.9,308.9,1416,39.6,45,0
1,297.9,308.9,1566,41.9,50,0
1,297.9,309.0,1456,46.5,52,0
1,297.9,309.0,1528,37.5,54,0
2,297.9,309.1,1338,49.6,56,0
2,297.9,309.1,1558,39.2,59,0
2,297.9,309.1,1614,38.1,62,0
0,298.0,309.1,1557,36.4,65,0
1,298.1,309.3,1443,45.3,70,0
0,298.1,309.3,1332,51.0,72,0
2,298.1,309.3,1752,25.2,77,0
2,298.1,309.2,1460,45.8,80,0
1,298.1,309.2,1802,26.9,83,0
1,298.0,309.2,1527,39.5,85,0
1,298.0,309.2,1458,39.8,87,0
0,298.0,309.2,1520,37.9,89,0
1,298.0,309.2,1378,49.7,94,0
2,297.9,309.2,1529,38.1,96,0
1,298.0,309.2,1527,32.4,99,0
2,298.0,309.2,1438,42.9,101,0
1,297.9,309.0,1583,36.7,104,0
1,297.8,308.9,1530,37.6,106,0
2,297.7,308.9,1530,39.1,108,0
2,297.7,308.8,2089,19.1,111,0
1,297.7,308.8,1616,34.2,114,0
2,297.7,308.9,1681,28.3,116,0
1,297.6,308.8,1475,43.0,119,0
1,297.5,308.7,1371,46.5,121,0
2,297.5,308.7,1546,38.0,123,0
0,297.4,308.6,1461,40.1,126,0
1,297.4,308.7,1638,31.9,131,0
2,297.3,308.7,1577,35.6,133,0
1,297.4,308.6,1532,38.7,136,0
2,297.3,308.5,1710,27.7,138,0
2,297.3,308.6,1584,29.4,141,0
1,297.3,308.6,1446,50.1,144,0
0,297.4,308.7,1522,46.3,146,0
2,297.4,308.7,1382,49.9,151,0
1,297.4,308.7,1584,38.2,154,0
1,297.3,308.6,1385,55.2,156,0
1,297.3,308.7,1592,34.4,158,0
2,297.2,308.6,1404,43.7,160,0
1,297.2,308.5,1518,44.3,163,0
1,297.1,308.4,1529,40.4,165,0
1,297.1,308.4,1550,37.0,167,0
1,297.1,308.3,1773,23.8,169,0
1,297.2,308.5,1446,43.7,171,0
2,297.2,308.5,1487,46.9,173,0
2,297.3,308.5,1524,49.3,176,0
1,297.1,308.3,1403,54.1,179,0
1,297.1,308.2,2267,15.7,181,0
2,297.1,308.2,1529,37.9,183,0
1,297.1,308.2,1402,51.2,186,0
1,297.2,308.3,1693,28.0,188,0
1,297.1,308.3,1496,45.8,190,0
1,297.1,308.1,1633,33.3,192,0
1,297.1,308.2,1399,42.6,194,0
2,297.0,308.1,1363,45.3,196,0
0,297.1,308.2,1527,42.2,199,0
2,297.2,308.2,1405,42.5,204,0
2,297.3,308.3,1459,59.6,207,1
2,297.4,308.4,1789,25.0,210,0
1,297.4,308.4,1531,41.5,213,0
2,297.4,308.4,1620,35.8,215,0
1,297.4,308.4,1571,39.4,0,0
1,297.4,308.4,1434,39.9,2,0
1,297.4,308.4,1474,43.6,4,0
2,297.3,308.3,1544,41.7,6,0
1,297.3,308.2,1601,35.7,9,0
1,297.4,308.3,1801,26.9,11,0
1,297.4,308.3,1465,42.0,13,0
2,297.4,308.4,1340,52.6,15,0
2,297.4,308.4,1517,41.0,18,0
2,297.3,308.4,1434,44.8,21,0
0,297.3,308.3,1935,19.3,24,0
2,297.3,308.3,1595,32.2,29,0
1,297.3,308.3,2188,17.0,32,0
2,297.3,308.4,1449,44.4,34,0
1,297.3,308.3,1471,38.2,37,0
1,297.4,308.2,1639,33.8,39,0
2,297.3,308.2,1846,24.5,41,0
2,297.3,308.2,1452,38.2,44,0
2,297.4,308.3,1483,41.9,47,0
1,297.4,308.3,1284,60.3,50,0
1,297.4,308.2,1419,50.0,52,0
1,297.3,308.1,1763,28.4,54,0
2,297.2,308.0,1478,42.5,56,0
1,297.3,308.0,1518,36.0,59,0
1,297.3,308.0,1447,49.0,61,0
2,297.4,308.0,1355,55.1,63,0
1,297.4,308.1,1348,57.4,66,0
1,297.4,308.1,1348,53.7,68,0
2,297.4,308.1,1734,27.7,70,0
1,297.3,308.0,1420,46.5,73,0
1,297.3,307.9,1797,24.7,75,0
2,297.3,308.0,1403,45.0,77,0
1,297.3,307.9,1628,30.2,80,0
2,297.2,307.9,1687,30.4,82,0
2,297.2,307.9,1456,44.9,85,0
1,297.1,307.9,1496,44.7,88,0
1,297.1,307.8,1636,30.3,90,0
1,297.1,307.8,1536,40.4,92,0
1,297.1,307.8,1454,50.6,94,0
1,297.0,307.8,1396,50.0,96,0
1,297.0,307.6,1575,37.4,98,0
1,296.9,307.6,1514,35.7,100,0
2,296.8,307.4,1455,49.9,102,0
1,296.8,307.4,1549,48.3,105,0
1,296.8,307.5,1474,42.4,107,0
0,296.7,307.4,1661,34.2,109,0
1,296.7,307.4,1535,34.6,114,0
2,296.9,307.5,1556,31.2,116,0
1,296.9,307.6,1435,45.0,119,0
2,296.9,307.5,1332,51.1,121,0
1,297.0,307.6,1513,42.4,124,0
1,297.0,307.7,1502,39.4,126,0
1,297.0,307.7,1315,60.1,128,0
2,297.0,307.7,1261,51.1,130,0
1,297.1,307.8,1406,60.4,133,0
1,297.1,307.8,1584,42.3,135,0
2,297.1,307.8,1443,43.9,137,0
1,297.2,307.9,1580,35.8,140,0
1,297.2,307.9,1825,24.6,142,0
1,297.2,307.9,1469,48.2,144,0
1,297.2,307.9,1493,38.4,146,0
2,297.3,308.0,1598,29.4,148,0
0,297.2,307.9,1450,37.2,151,0
2,297.2,307.9,1632,37.5,156,0
2,297.1,307.9,1980,20.3,159,0
1,297.2,308.0,1474,43.7,162,0
1,297.2,307.9,1540,37.1,164,0
2,297.1,307.9,1609,38.9,166,0
1,297.1,308.0,1467,42.8,169,0
1,297.1,307.9,1492,39.4,171,0
1,297.0,307.9,1493,46.1,173,0
1,297.0,307.8,1500,39.9,175,0
1,297.1,307.8,1477,36.6,177,0
1,297.1,307.9,1342,49.1,179,0
2,297.1,307.8,1538,34.3,181,0
1,297.2,307.9,1337,58.1,184,0
1,297.3,307.9,1417,41.8,186,0
1,297.4,308.0,1383,46.2,188,0
2,297.4,308.0,1440,42.4,190,0
1,297.3,307.9,1579,34.4,193,0
1,297.2,307.9,1441,40.0,195,0
2,297.2,307.9,1530,35.9,197,0
1,297.2,308.0,1705,26.0,200,0
0,297.2,308.0,1435,43.0,202,0
2,297.2,308.1,1340,61.3,207,1
1,297.2,308.1,1431,49.7,210,1
1,297.3,308.2,1396,52.7,212,1
2,297.3,308.1,1369,52.0,214,0
1,297.3,308.1,1615,35.4,217,1
1,297.2,308.1,1662,31.3,0,0
1,297.3,308.2,1553,33.5,2,0
2,297.4,308.2,1536,34.6,4,0
1,297.4,308.3,1548,46.6,7,0
1,297.4,308.3,1706,30.9,9,0
1,297.4,308.3,1366,45.5,11,0
1,297.5,308.4,1440,35.9,13,0
2,297.5,308.4,1685,28.1,15,0
2,297.4,308.3,1444,44.0,18,0
1,297.4,308.3,1395,48.7,21,0
1,297.4,308.3,1483,38.8,23,0
2,297.5,308.4,1403,44.3,25,0
0,297.5,308.4,1793,23.9,28,0
1,297.4,308.3,1723,28.8,33,0
1,297.4,308.2,1386,41.0,35,0
0,297.4,308.2,1585,46.2,37,0
2,297.3,308.1,1731,27.7,42,0
1,297.3,308.3,1519,37.7,45,0
1,297.3,308.2,1896,24.4,47,0
1,297.3,308.3,2358,14.9,49,0
2,297.3,308.3,1341,51.9,51,0
1,297.3,308.3,1550,37.0,54,0
1,297.3,308.3,1309,61.5,56,0
2,297.3,308.4,1599,32.9,58,0
1,297.4,308.4,1343,40.0,61,0
1,297.4,308.4,1378,39.9,63,0
1,297.4,308.4,1603,34.6,65,0
1,297.4,308.4,1664,28.1,67,0
1,297.3,308.4,1488,37.4,69,0
2,297.3,308.4,1370,50.5,71,0
1,297.3,308.5,1545,34.3,74,0
2,297.4,308.5,1566,31.4,76,0
1,297.4,308.6,1820,24.6,79,0
2,297.4,308.6,1901,22.1,81,0
2,297.4,308.5,1638,32.2,84,0
2,297.3,308.4,1521,38.2,87,0
0,297.3,308.4,1864,23.1,90,0
1,297.3,308.3,1430,41.9,95,0
2,297.3,308.4,1686,34.5,97,0
2,297.2,308.3,1326,57.2,100,0
1,297.2,308.3,1805,25.6,103,0
0,297.2,308.3,1453,45.8,105,0
2,297.2,308.4,1863,26.0,110,0
1,297.2,308.3,1576,35.3,113,0
1,297.2,308.3,1419,39.7,115,0
1,297.2,308.4,1833,25.2,117,0
0,297.2,308.4,2182,17.3,119,0
1,297.2,308.3,1656,30.3,124,0
1,297.1,308.2,1351,56.6,126,0
0,297.1,308.2,1790,30.3,128,0
2,297.2,308.2,1678,28.1,133,0
1,297.1,308.2,1427,45.2,136,0
1,297.0,308.1,1429,54.0,138,0
0,297.2,308.1,1770,27.2,140,0
1,297.2,308.1,1689,31.2,145,0
2,297.2,308.1,1554,41.3,147,0
1,297.3,308.1,1506,36.0,150,0
1,297.2,308.1,1474,44.3,152,0
1,297.3,308.1,1762,26.1,154,0
1,297.3,308.1,1566,35.7,156,0
0,297.3,308.1,1554,42.4,158,0
1,297.2,308.0,1869,25.4,163,0
1,297.3,308.0,1527,35.1,165,0
1,297.2,307.9,1309,49.6,167,0
2,297.2,307.9,1541,35.7,169,0
1,297.2,307.9,1326,75.4,172,1
0,297.1,307.9,1365,54.0,174,0
1,297.1,307.8,1428,43.7,179,0
1,297.1,307.8,1681,27.6,181,0
2,297.1,307.9,1662,26.9,183,0
1,297.2,307.9,1989,20.3,186,0
2,297.2,307.9,1747,29.0,188,0
2,297.2,308.0,1765,31.1,191,0
1,297.3,308.1,1568,34.4,194,0
2,297.3,308.1,1709,30.6,196,0
2,297.3,308.1,1370,58.8,199,0
1,297.3,308.1,1458,45.7,202,0
1,297.2,308.1,1712,30.9,204,0
1,297.3,308.1,1642,36.9,206,0
1,297.3,308.1,1468,49.8,0,0
0,297.3,308.1,1477,52.3,2,0
1,297.3,308.2,1446,53.5,7,0
0,297.3,308.2,1653,31.4,9,0
1,297.3,308.3,1494,38.2,14,0
1,297.3,308.2,1490,41.0,16,0
2,297.4,308.3,1550,47.8,18,0
2,297.3,308.2,1677,34.9,21,0
1,297.4,308.3,1854,21.8,24,0
2,297.5,308.5,1662,30.3,26,0
2,297.5,308.6,1440,38.8,29,0
1,297.5,308.6,1513,39.7,32,0
2,297.6,308.6,1389,49.0,34,0
1,297.6,308.6,1351,51.0,37,0
2,297.6,308.6,1482,38.3,39,0
1,297.6,308.6,1744,28.5,42,0
1,297.6,308.7,1476,39.0,44,0
2,297.6,308.6,1444,48.2,46,0
0,297.6,308.7,1659,32.1,49,0
2,297.6,308.7,1475,46.6,54,0
1,297.6,308.6,1526,42.1,57,0
2,297.4,308.4,1675,29.5,59,0
1,297.4,308.4,1525,38.7,62,0
1,297.3,308.3,1396,45.9,64,0
1,297.4,308.4,1580,41.2,66,0
1,297.4,308.5,1462,42.8,68,0
1,297.4,308.4,1426,50.4,70,0
1,297.4,308.5,1569,34.2,72,0
1,297.4,308.5,1477,40.7,74,0
1,297.4,308.5,1761,27.2,76,0
2,297.5,308.6,1486,45.9,78,0
1,297.6,308.6,1664,30.1,81,0
1,297.6,308.6,1576,32.7,83,0
0,297.6,308.6,1463,46.7,85,0
2,297.6,308.6,1585,42.0,90,0
1,297.7,308.7,1479,45.7,93,0
1,297.7,308.7,1449,40.2,95,0
0,297.7,308.8,1404,50.3,97,0
1,297.7,308.7,1694,29.1,102,0
1,297.7,308.7,1731,28.4,104,0
1,297.6,308.6,1522,37.0,106,0
1,297.5,308.5,1536,36.9,108,0
1,297.5,308.5,1373,39.9,110,0
1,297.5,308.5,1597,36.4,112,0
1,297.6,308.5,1678,34.2,114,0
1,297.6,308.5,1452,42.6,116,0
2,297.5,308.5,1447,41.6,118,0
1,297.6,308.5,1574,37.1,121,0
1,297.6,308.6,1528,40.0,123,0
1,297.7,308.7,1688,27.2,125,0
1,297.6,308.6,1393,40.4,127,0
2,297.5,308.6,1429,50.5,129,0
2,297.5,308.6,1347,57.0,132,0
1,297.6,308.6,1553,40.5,135,0
1,297.5,308.6,1260,53.6,137,0
1,297.5,308.6,1546,33.8,139,0
1,297.5,308.6,1596,36.0,141,0
1,297.5,308.5,1340,57.4,143,0
2,297.5,308.4,1369,54.8,145,0
1,297.5,308.5,1462,52.3,148,0
0,297.4,308.4,1487,46.2,150,0
2,297.5,308.6,1510,35.5,155,0
0,297.5,308.5,1671,28.0,158,0
2,297.5,308.5,1612,30.0,163,0
2,297.6,308.6,1509,39.7,166,0
1,297.6,308.6,1415,47.3,169,0
1,297.6,308.6,2384,14.4,171,0
1,297.6,308.6,1326,62.4,173,0
2,297.6,308.6,1390,53.4,175,0
2,297.6,308.7,1392,41.2,178,0
0,297.6,308.8,1385,44.4,181,0
1,297.7,308.8,1896,24.5,186,0
1,297.7,308.7,1474,46.8,188,0
2,297.7,308.8,1388,45.6,190,0
1,297.7,308.9,1715,27.2,193,0
0,297.8,308.9,1650,32.2,195,0
1,297.8,308.9,1871,25.6,200,1
1,297.8,309.0,1403,64.2,0,1
1,297.8,308.9,1518,40.4,2,0
1,297.9,309.1,1504,43.0,4,0
1,297.8,309.0,1340,56.9,6,0
0,297.9,309.1,1435,44.7,8,0
1,297.9,309.1,1507,36.9,13,0
1,297.9,309.1,1521,36.1,15,0
2,297.8,309.0,1576,45.0,17,0
1,297.9,309.1,1543,36.6,20,0
1,298.0,309.2,1665,36.6,22,0
1,297.9,309.1,1442,50.3,24,0
1,297.9,309.0,1629,29.0,26,0
1,297.9,309.0,1379,47.3,28,0
1,297.9,309.0,1502,40.2,30,0
1,297.9,309.1,1595,32.0,32,0
2,298.0,309.0,1439,38.5,34,0
2,297.9,309.0,1970,21.6,37,0
1,297.9,309.0,1562,35.8,40,0
2,297.9,309.0,1530,40.9,42,0
1,297.9,308.9,1393,40.6,45,0
1,297.9,309.0,1532,37.6,47,0
1,298.0,308.9,1607,37.7,49,0
2,297.9,308.8,1469,49.0,51,0
2,297.9,308.8,1538,37.6,54,0
1,297.9,308.8,1613,31.4,57,0
2,297.9,308.8,1602,32.1,59,0
1,297.8,308.7,1404,44.2,62,0
1,297.8,308.8,1548,36.9,64,0
1,297.8,308.8,1559,35.2,66,0
1,297.8,308.8,1621,36.1,68,0
1,297.8,308.8,1579,32.9,70,0
2,297.9,308.9,1547,44.0,72,0
1,297.9,308.8,1386,48.6,75,0
1,298.0,308.9,1406,40.9,77,0
2,298.0,309.0,1393,55.9,79,0
2,297.9,309.0,2456,13.9,82,0
2,298.0,309.0,1409,49.1,85,0
1,298.0,308.9,1390,53.9,88,0
1,298.0,309.0,1679,32.4,90,0
1,298.0,308.9,1508,37.1,92,0
1,297.9,308.8,1681,31.7,94,0
0,297.7,308.8,1469,43.7,96,0
1,297.8,308.8,1421,49.6,101,0
1,297.7,308.8,1354,50.2,103,0
2,297.7,308.8,1350,57.0,105,0
1,297.8,308.9,1282,58.1,108,0
2,297.8,309.0,1675,30.0,110,0
2,297.9,309.0,1525,38.5,113,0
1,297.9,309.0,1382,43.9,116,0
1,297.9,309.0,1450,46.8,118,0
1,298.0,309.1,1820,23.6,120,0
1,298.0,309.1,1822,23.5,122,0
1,298.0,309.1,1473,44.3,124,0
2,298.1,309.1,1572,37.5,126,0
2,298.1,309.0,2042,17.8,129,0
1,298.2,309.2,1922,22.6,132,0
1,298.2,309.1,1539,36.5,134,0
1,298.2,309.1,1350,52.0,136,0
1,298.3,309.1,1403,45.1,138,0
1,298.3,309.1,1904,20.3,140,0
2,298.2,308.9,1592,35.2,142,0
1,298.1,308.7,1556,31.6,145,0
2,298.1,308.8,1811,25.4,147,0
2,298.2,308.8,1456,41.2,150,0
0,298.2,308.8,1436,51.9,153,0
2,298.1,308.7,1362,49.6,158,0
1,298.1,308.7,1683,29.1,161,0
2,298.2,308.7,1269,60.9,163,0
1,298.3,308.8,1454,49.0,166,0
1,298.3,308.8,1767,27.3,168,0
1,298.3,308.9,1708,27.3,170,0
1,298.3,308.9,1862,27.0,172,0
1,298.3,308.9,1695,30.7,174,0
2,298.3,309.1,1488,40.6,176,0
1,298.3,309.0,1657,32.2,179,0
0,298.3,309.0,1823,25.9,181,0
2,298.2,309.1,1651,28.8,186,0
2,298.1,309.0,1533,36.1,189,0
2,298.2,309.0,1508,40.5,192,0
1,298.3,309.1,1616,31.1,195,0
1,298.2,309.0,1651,31.5,197,0
1,298.2,309.1,1569,35.2,199,0
2,298.3,309.1,1296,58.7,201,0
0,298.3,309.0,1379,43.2,0,0
2,298.2,309.0,1694,28.0,5,0
1,298.2,309.0,1377,57.8,8,0
0,298.3,309.0,1470,38.4,10,0
2,298.3,309.1,1404,47.0,15,0
1,298.3,309.1,1593,40.1,18,0
2,298.3,309.0,1526,36.9,20,0
2,298.3,308.9,1390,49.7,23,0
1,298.2,308.9,1737,25.5,26,0
1,298.2,308.8,1362,57.3,28,0
1,298.2,308.8,1666,31.5,30,0
1,298.2,308.8,1354,60.9,32,0
1,298.2,308.8,1302,60.4,34,0
1,298.2,308.7,1991,20.5,36,0
1,298.2,308.6,1353,54.1,38,0
0,298.2,308.7,1520,35.7,40,0
1,298.2,308.7,1428,54.9,45,0
1,298.2,308.7,1605,29.4,47,0
1,298.1,308.7,1691,30.3,49,0
1,298.2,308.7,1447,48.4,51,0
0,298.2,308.8,1606,39.9,53,0
2,298.2,308.8,1645,28.2,58,0
0,298.2,308.8,1470,43.3,61,0
1,298.2,308.9,1336,45.0,66,0
2,298.2,308.9,1414,44.3,68,0
2,298.3,309.0,1802,27.5,71,0
1,298.2,308.9,1683,31.7,74,0
2,298.2,309.0,1410,47.6,76,0
1,298.2,308.9,1605,32.0,79,0
1,298.2,308.9,1709,28.1,81,0
1,298.2,308.9,1444,53.1,83,0
1,298.2,308.9,1367,45.0,85,0
1,298.2,309.0,1418,44.2,87,0
1,298.2,309.0,1353,57.8,89,0
1,298.2,309.0,1643,34.1,91,0
1,298.3,309.1,1437,38.0,93,0
1,298.1,309.0,1437,36.2,95,0
2,298.2,309.0,1413,47.9,97,0
0,298.2,309.0,1524,39.1,100,0
2,298.1,308.9,1479,43.4,105,0
1,298.1,308.9,1313,50.6,108,0
2,298.1,308.9,1335,50.4,110,0
1,298.1,308.9,1367,41.9,113,0
2,298.1,308.9,1459,50.3,115,0
2,298.1,308.9,1804,25.1,118,0
1,298.2,309.0,1491,38.3,121,0
1,298.3,309.1,1537,43.0,123,0
0,298.3,309.1,1646,30.2,125,0
2,298.3,309.2,1783,28.3,130,0
1,298.3,309.1,1395,49.8,133,0
1,298.4,309.1,1423,48.0,135,0
1,298.3,309.2,1562,37.6,137,0
1,298.4,309.3,1549,40.8,139,0
1,298.4,309.4,1540,43.2,141,0
0,298.5,309.4,1573,33.6,143,0
1,298.5,309.4,1418,45.1,148,0
2,298.5,309.4,1565,33.7,150,0
1,298.5,309.5,1569,41.0,153,0
0,298.5,309.4,1417,41.2,155,0
1,298.5,309.5,1480,38.1,160,0
1,298.5,309.4,1364,44.5,162,0
1,298.5,309.4,1911,21.5,164,0
1,298.4,309.3,1409,43.1,166,0
1,298.4,309.2,1335,53.5,168,0
2,298.5,309.3,1512,38.1,170,0
1,298.6,309.4,1447,40.2,173,0
1,298.6,309.3,1537,37.6,175,0
2,298.6,309.3,1510,40.8,177,0
1,298.6,309.3,1677,31.2,180,0
1,298.5,309.2,1504,33.7,182,0
0,298.5,309.1,2051,19.0,184,0
1,298.5,309.1,1474,41.3,189,0
2,298.4,309.0,1507,36.1,191,0
1,298.4,308.9,1496,37.9,194,0
2,298.5,309.0,1921,22.0,196,0
1,298.5,309.0,1450,40.5,199,0
1,298.4,308.9,1402,44.8,201,0
1,298.4,308.9,1501,50.0,203,0
1,298.5,308.9,1725,31.9,205,0
0,298.5,308.9,1500,40.3,207,0
0,298.5,309.0,1531,30.8,212,0
1,298.5,309.0,1458,44.8,217,0
0,298.4,308.9,1577,37.1,0,0
2,298.3,308.9,1363,46.1,5,0
0,298.3,308.9,1706,31.8,8,0
2,298.3,308.8,1391,50.4,13,0
1,298.2,308.8,1616,33.7,16,0
1,298.2,308.8,1442,47.0,18,0
2,298.2,308.8,1626,40.4,20,0
2,298.2,308.7,1426,42.6,23,0
1,298.2,308.7,1436,49.1,26,0
2,298.2,308.7,1599,36.2,28,0
1,298.2,308.7,2186,17.8,31,0
1,298.3,308.8,1645,30.4,33,0
1,298.2,308.7,1780,27.9,35,0
1,298.2,308.8,1345,44.3,37,0
2,298.2,308.8,1607,31.9,39,0
1,298.3,308.9,1708,28.0,42,0
1,298.3,308.9,1270,52.7,44,0
2,298.3,308.9,1646,25.4,46,0
1,298.2,308.7,1407,45.1,49,0
2,298.1,308.7,1581,47.4,51,0
1,298.0,308.6,1532,42.6,54,0
1,298.0,308.6,1610,33.1,56,0
2,298.0,308.5,1682,33.0,58,0
1,297.9,308.5,1519,34.3,61,0
1,297.9,308.5,1683,28.5,63,0
2,298.0,308.6,1254,55.8,65,0
1,298.0,308.5,1461,48.0,68,0
1,297.9,308.5,1472,45.1,70,0
1,297.7,308.4,1510,38.6,72,0
2,297.7,308.3,1547,36.8,74,0
0,297.7,308.4,1418,51.9,77,0
1,297.7,308.4,1289,51.3,82,0
1,297.7,308.4,1487,41.4,84,0
1,297.7,308.5,1453,45.5,86,0
2,297.8,308.5,1466,44.7,88,0
0,297.7,308.4,1288,49.5,91,0
0,297.7,308.4,1738,27.7,96,0
0,297.7,308.3,1488,41.0,101,0
1,297.6,308.3,1816,28.8,106,0
1,297.5,308.2,1419,48.5,108,0
1,297.4,308.1,1435,45.7,110,0
2,297.5,308.1,1480,42.4,112,0
1,297.5,308.2,1610,33.6,115,0
0,297.5,308.1,1548,38.2,117,0
2,297.6,308.1,1379,57.4,122,0
2,297.5,308.1,1907,23.5,125,0
2,297.5,308.0,2033,16.7,128,0
0,297.4,307.9,1390,52.0,131,0
2,297.5,307.9,1544,37.9,136,0
1,297.6,308.0,1258,57.4,139,0
2,297.5,308.0,1560,39.0,141,0
0,297.6,308.2,2071,18.5,144,0
1,297.6,308.1,1437,46.3,149,0
0,297.7,308.2,1489,43.0,151,0
1,297.7,308.2,1334,53.0,156,0
1,297.7,308.2,1500,39.9,158,0
1,297.8,308.3,1498,47.3,160,0
2,297.7,308.2,1370,53.4,162,0
0,297.7,308.2,1526,40.1,165,0
1,297.8,308.3,1477,44.8,170,0
1,297.7,308.2,1446,43.9,172,0
2,297.7,308.2,1720,25.6,174,0
1,297.7,308.1,1734,30.7,177,0
1,297.7,308.1,1697,29.1,179,0
1,297.7,308.2,2007,19.3,181,0
2,297.7,308.1,1469,48.8,183,0
2,297.7,308.1,2189,15.6,186,0
1,297.8,308.3,1435,50.1,189,0
0,297.9,308.4,1637,34.5,191,0
1,298.0,308.5,1664,28.3,196,0
2,298.0,308.5,1666,31.0,198,0
1,298.0,308.5,1404,46.6,201,0
1,298.0,308.5,1702,26.7,203,0
1,298.1,308.6,1439,44.9,205,0
1,298.1,308.6,1354,53.9,207,1
2,298.2,308.7,1361,44.2,0,0
2,298.1,308.5,1463,45.9,3,0
0,298.1,308.4,1515,43.8,6,0
1,298.0,308.4,1432,46.2,11,0
1,298.0,308.4,1911,22.0,13,0
1,298.0,308.4,1472,42.0,15,0
2,298.1,308.5,1382,54.5,17,0
1,298.1,308.5,1665,29.6,20,0
1,298.1,308.5,1676,30.5,22,0
2,298.0,308.5,1585,33.0,24,0
2,298.1,308.6,1415,46.3,27,0
1,298.1,308.7,1341,55.7,30,0
1,298.2,308.8,1540,34.8,32,0
0,298.2,308.8,1837,28.4,34,0
1,298.2,308.8,1498,36.0,39,0
1,298.1,308.7,1671,28.8,41,0
1,298.0,308.6,1430,57.0,43,0
1,298.0,308.7,1619,40.1,45,0
2,298.0,308.7,1430,51.9,47,0
1,298.0,308.6,1626,33.3,50,0
1,298.0,308.7,1443,49.3,52,0
1,298.0,308.6,1481,42.5,54,0
2,298.1,308.7,1527,43.0,56,0
2,298.1,308.7,1315,56.8,59,0
2,298.1,308.8,1433,48.2,62,0
2,298.1,308.8,1378,53.5,65,0
1,298.1,308.8,1432,43.4,68,0
2,298.1,308.8,1394,47.9,70,0
0,298.0,308.8,1411,53.8,73,0
1,298.1,308.9,2136,15.9,78,0
2,298.2,309.0,1446,45.8,80,0
0,298.1,308.9,1388,53.5,83,0
2,298.1,308.9,1323,51.7,88,0
1,298.2,309.0,1780,29.3,91,0
2,298.1,308.8,1434,41.8,93,0
2,298.0,308.7,1494,42.6,96,0
0,298.0,308.7,1536,39.6,99,0
2,298.0,308.7,1392,53.4,104,0
0,298.2,309.0,1360,56.8,107,0
1,298.4,309.2,1583,35.4,112,0
1,298.5,309.2,1983,20.2,114,0
1,298.5,309.3,1630,33.3,116,0
2,298.5,309.3,1692,26.7,118,0
1,298.4,309.1,1417,40.6,121,0
1,298.4,309.1,1579,36.1,123,0
2,298.4,309.2,1399,45.2,125,0
2,298.4,309.2,1414,46.4,128,0
1,298.5,309.3,1570,40.1,131,0
2,298.5,309.3,1552,36.8,133,0
1,298.6,309.4,1440,48.2,136,0
2,298.6,309.4,1460,43.8,138,0
1,298.6,309.4,1471,48.0,141,0
1,298.6,309.3,1702,27.6,143,0
1,298.6,309.4,1375,55.4,145,0
1,298.6,309.4,1698,33.2,147,0
0,298.6,309.4,1439,47.1,149,0
2,298.6,309.4,1774,27.5,154,0
2,298.7,309.4,1375,48.3,157,0
1,298.7,309.5,1446,40.0,160,0
2,298.7,309.6,1455,46.8,162,0
1,298.8,309.6,1523,41.9,165,0
2,298.8,309.6,1692,31.9,167,0
2,298.8,309.6,1693,33.3,170,0
1,298.8,309.6,1890,24.0,173,0
0,298.9,309.6,1600,33.5,175,0
2,298.9,309.6,1434,43.8,180,0
1,298.9,309.6,1365,50.9,183,0
0,298.8,309.6,1309,57.4,185,0
0,298.9,309.6,1546,35.3,190,0
1,298.9,309.6,1663,33.7,195,0
1,298.9,309.6,1589,34.2,197,0
2,298.9,309.6,1472,46.0,199,0
1,298.9,309.6,1583,39.8,202,0
2,298.9,309.6,1567,34.5,204,0
1,298.9,309.7,1407,41.9,207,0
2,299.0,309.7,1418,44.7,209,0
2,299.0,309.7,1489,40.7,212,0
1,299.1,309.9,1586,36.6,215,0
1,299.1,309.8,1398,55.4,217,1
1,299.2,309.9,1516,41.4,219,0
0,299.3,310.0,1373,44.8,221,0
2,299.2,310.0,1349,50.4,226,0
0,299.1,309.9,1443,40.3,0,0
0,299.2,310.1,1542,36.1,5,0
1,299.2,310.1,1534,37.7,10,0
1,299.2,310.2,1697,30.6,12,0
1,299.3,310.3,1396,47.4,14,0
1,299.3,310.2,1495,49.2,16,0
2,299.2,310.3,1551,44.8,18,0
1,299.2,310.3,1440,47.0,21,0
1,299.2,310.3,1429,40.1,23,0
0,299.3,310.4,1548,41.6,25,0
1,299.3,310.5,1505,38.8,30,0
1,299.2,310.4,1611,36.4,32,0
2,299.2,310.4,1502,39.8,34,0
2,299.2,310.4,1504,43.3,37,0
1,299.1,310.3,1449,40.7,40,0
1,299.0,310.2,1575,37.8,42,0
2,299.0,310.2,1598,33.4,44,0
1,299.0,310.1,1416,45.9,47,0
1,299.0,310.2,1682,28.8,49,0
1,298.9,310.1,1341,54.5,51,0
1,298.9,310.1,1523,39.1,53,0
1,299.0,310.1,1580,41.9,55,0
1,299.0,310.1,1531,36.0,57,0
1,299.0,310.1,1375,48.9,59,0
2,298.9,310.1,1484,40.4,61,0
2,299.0,310.2,1657,32.3,64,0
1,299.0,310.2,1494,40.6,67,0
0,299.0,310.3,1658,27.6,69,0
1,299.1,310.3,1411,42.1,74,0
2,299.2,310.4,1395,55.4,76,0
1,299.1,310.4,1550,43.9,79,0
2,299.1,310.3,1233,59.0,81,0
1,299.1,310.3,1459,46.7,84,0
0,299.1,310.4,1405,53.6,86,0
1,299.2,310.5,1458,44.1,91,0
1,299.2,310.5,1384,48.7,93,0
1,299.2,310.5,1705,29.5,95,0
1,299.3,310.6,1443,45.7,97,0
2,299.3,310.6,1609,31.4,99,0
1,299.3,310.5,1818,26.0,102,0
2,299.3,310.6,1457,42.1,104,0
1,299.3,310.6,1480,45.1,107,0
1,299.4,310.8,1424,47.7,109,0
2,299.4,310.8,1628,40.2,111,0
2,299.5,310.8,1754,31.3,114,0
1,299.6,310.9,1716,28.5,117,0
2,299.5,310.9,1378,48.7,119,0
1,299.6,311.0,1708,31.0,122,0
1,299.6,311.0,1430,38.3,124,0
2,299.7,311.2,1560,43.9,126,0
1,299.6,311.1,1679,30.7,129,0
1,299.6,311.1,1521,37.2,131,0
2,299.6,311.1,1649,33.8,133,0
2,299.5,311.0,1451,43.3,136,0
1,299.4,310.8,1391,48.9,139,0
2,299.3,310.8,1523,40.9,141,0
1,299.3,310.7,1495,39.2,144,0
2,299.3,310.7,1440,45.5,146,0
0,299.4,310.8,1585,31.4,149,0
1,299.5,310.8,1374,48.3,154,0
2,299.5,310.8,1507,40.2,156,0
2,299.5,310.9,1577,34.6,159,0
1,299.5,310.9,1496,38.5,162,0
1,299.6,310.9,1487,42.5,164,0
1,299.6,310.9,1853,26.3,166,0
2,299.7,311.0,1435,50.1,168,0
2,299.8,311.1,1763,25.5,171,0
1,299.8,311.1,1820,24.9,174,0
2,299.8,311.1,1498,38.1,176,0
1,299.8,311.1,1603,35.1,179,0
1,299.8,311.1,1412,42.5,181,0
1,299.8,311.1,1588,38.0,183,0
2,299.8,311.0,1948,20.0,185,0
1,299.7,310.9,1384,48.2,188,0
1,299.7,310.8,1589,36.0,190,0
2,299.7,310.8,1405,47.6,192,0
1,299.7,310.9,1491,40.1,195,0
0,299.7,310.8,1418,46.6,197,0
2,299.6,310.8,1603,35.4,202,0
1,299.6,310.7,1922,23.3,205,1
2,299.5,310.7,1364,49.5,0,0
1,299.4,310.7,1551,41.2,3,0
1,299.5,310.7,1589,33.5,5,0
2,299.5,310.7,1423,56.5,7,0
1,299.4,310.6,1418,53.1,10,0
2,299.3,310.5,1404,47.5,12,0
1,299.3,310.5,1281,59.8,15,0
1,299.3,310.5,1529,41.3,17,0
2,299.3,310.5,1563,42.1,19,0
1,299.4,310.6,1348,54.5,22,0
2,299.3,310.5,1462,40.5,24,0
0,299.3,310.4,1510,45.5,27,0
1,299.2,310.4,1472,43.3,32,0
2,299.2,310.4,1325,52.0,34,0
1,299.2,310.4,1570,37.3,37,0
1,299.2,310.4,1379,46.8,39,0
1,299.1,310.2,1352,52.8,41,0
1,299.1,310.3,1727,28.7,43,0
0,299.0,310.1,1432,50.0,45,0
1,298.9,310.1,1466,43.4,50,0
1,298.9,310.1,1510,38.0,52,0
1,299.0,310.2,1490,41.1,54,0
1,299.0,310.1,1463,37.4,56,0
2,298.9,310.0,1561,45.3,58,0
1,298.9,310.1,2109,18.0,61,0
1,298.9,310.2,1705,32.5,63,0
2,298.9,310.1,1549,40.2,65,0
0,299.0,310.2,1637,38.0,68,0
2,298.9,310.1,1484,37.9,73,0
1,298.9,310.1,1401,44.4,76,0
1,298.9,310.1,1571,36.8,78,0
2,298.9,310.1,1513,41.5,80,0
1,299.0,310.1,1470,40.3,83,0
1,299.0,310.1,1505,41.3,85,0
1,299.0,310.2,1432,42.2,87,0
2,299.0,310.2,1625,31.8,89,0
1,299.0,310.2,1377,62.5,92,1
2,299.1,310.3,1441,43.9,94,0
2,299.0,310.2,1564,39.9,97,0
1,298.9,310.1,1580,37.3,100,0
1,299.0,310.2,1516,35.3,102,0
1,299.0,310.1,1447,42.8,104,0
2,298.9,310.0,1323,52.9,106,0
1,298.9,310.0,1470,45.9,109,0
2,299.0,310.0,2049,19.5,111,0
1,298.9,310.0,1794,27.2,114,0
1,298.9,310.1,1356,47.8,116,0
0,299.0,310.1,1555,38.6,118,0
2,299.0,310.1,1487,47.5,123,0
2,299.0,310.0,1341,58.9,126,0
2,298.9,310.0,1487,36.6,129,0
0,299.0,310.0,1569,34.3,132,0
0,299.0,310.1,2053,19.7,137,0
1,299.0,310.1,1583,35.8,142,0
1,299.0,310.0,1672,33.2,144,0
2,299.0,310.0,1337,57.4,146,0
0,299.1,310.1,1421,41.2,149,0
1,299.1,310.2,1425,52.7,154,0
1,299.2,310.2,1609,33.2,156,0
1,299.2,310.3,1507,41.3,158,0
1,299.2,310.3,1463,38.9,160,0
0,299.3,310.4,1393,44.9,162,0
1,299.3,310.4,1725,26.8,167,0
1,299.4,310.5,1514,36.1,169,0
1,299.3,310.4,1365,53.9,171,0
1,299.4,310.5,1372,46.3,173,0
1,299.4,310.4,1509,40.6,175,0
1,299.3,310.4,1629,32.6,177,0
1,299.4,310.5,1749,28.1,179,0
1,299.4,310.4,1582,31.7,181,0
1,299.2,310.2,1458,47.0,183,0
1,299.1,310.1,1416,41.2,185,0
0,299.1,310.0,1657,33.1,187,0
2,299.1,310.0,1437,41.1,192,0
2,299.1,310.0,1580,36.0,195,0
2,299.0,310.0,1488,46.3,198,0
1,299.0,309.9,1373,55.7,201,1
1,299.1,310.0,1367,56.3,203,1
0,299.1,310.0,1431,49.5,205,0
1,299.0,310.1,1623,33.0,210,0
1,299.0,310.0,1484,39.6,212,0
1,299.0,309.9,1548,34.5,214,0
1,298.9,309.8,1287,61.9,216,1
2,298.9,309.8,1392,43.1,218,0
0,299.0,310.0,1458,44.9,221,0
2,299.1,310.1,1570,30.9,226,0
1,299.1,310.1,1435,48.8,229,1
1,299.1,310.2,1317,54.8,231,1
1,299.2,310.3,1610,33.3,233,0
2,299.1,310.3,1838,24.0,235,0
1,299.2,310.3,1352,48.9,238,1
1,299.1,310.3,1619,35.2,240,0
1,299.1,310.3,1619,31.1,242,0
1,299.0,310.2,1690,30.7,244,0
1,299.0,310.2,1412,44.1,246,0
0,299.0,310.2,1744,31.5,0,0
2,299.0,310.1,1593,35.4,5,0
1,299.1,310.2,1695,29.6,8,0
2,299.0,310.2,1298,57.2,10,0
1,299.0,310.1,1886,21.2,13,0
1,299.0,310.1,2033,19.3,15,0
2,299.1,310.2,1711,28.1,17,0
1,299.1,310.2,1598,33.4,20,0
1,299.1,310.1,1894,24.2,22,0
2,299.1,310.1,1412,44.4,24,0
1,299.1,310.0,1394,46.6,27,0
2,299.0,310.0,1338,56.4,29,0
0,298.9,309.9,1376,51.0,32,0
1,299.0,310.0,1360,48.1,37,0
1,299.1,310.1,1486,40.7,39,0
2,299.1,310.1,1649,31.6,41,0
1,299.1,310.1,1367,45.6,44,0
1,299.0,310.1,1362,59.5,46,0
2,298.9,310.0,1520,35.6,48,0
1,299.0,310.0,1582,31.9,51,0
2,299.0,310.0,1667,30.0,53,0
1,298.9,310.0,1693,28.8,56,0
1,298.9,310.0,1559,33.4,58,0
1,298.9,309.9,1592,32.0,60,0
1,298.9,309.9,1404,39.8,62,0
2,298.8,309.8,1413,45.5,64,0
1,298.8,309.8,1663,28.2,67,0
1,298.8,309.8,1508,36.3,69,0
2,298.9,309.8,1353,53.7,71,0
1,298.8,309.8,1485,42.4,74,0
1,298.9,310.0,1633,31.2,76,0
1,298.9,310.0,1422,43.6,78,0
1,298.9,310.1,1577,41.4,80,0
1,298.9,310.0,1482,41.1,82,0
2,299.0,310.1,1705,30.1,84,0
1,299.0,310.1,1699,32.9,87,0
1,299.0,310.1,1664,29.7,89,0
2,299.0,310.0,1486,34.6,91,0
1,299.1,310.1,1336,61.3,94,0
0,299.1,310.1,1429,42.9,96,0
2,299.1,310.2,1456,48.4,101,0
1,299.1,310.2,1496,45.0,104,0
1,299.1,310.1,1894,20.1,106,0
1,299.1,310.1,1373,55.6,108,0
0,299.0,310.0,1387,45.2,110,0
1,298.9,309.9,1500,44.2,115,0
1,298.9,309.9,1517,36.6,117,0
1,298.9,309.9,1309,56.2,119,0
2,298.9,309.9,1357,54.5,121,0
1,298.8,309.8,1490,40.6,124,0
0,298.8,309.8,1911,21.6,126,0
1,298.8,309.8,1599,33.6,131,0
2,298.8,309.7,2098,19.0,133,0
2,298.7,309.7,1629,27.9,136,0
1,298.8,309.8,1557,37.2,139,0
1,298.8,309.8,1461,39.4,141,0
1,298.8,309.8,1563,33.7,143,0
1,298.7,309.8,1695,29.0,145,0
1,298.8,310.0,1528,36.7,147,0
1,298.8,310.0,1389,49.6,149,0
1,298.9,310.0,2231,17.4,151,0
2,298.9,310.1,1442,42.9,153,0
0,298.9,310.1,1458,44.3,156,0
1,299.0,310.1,1444,47.7,161,0
2,298.9,310.0,1348,58.2,163,0
1,298.9,310.0,1791,27.6,166,0
1,299.0,310.0,1509,38.0,168,0
1,298.9,310.0,1515,42.9,170,0
2,298.9,310.1,1655,31.5,172,0
1,298.9,310.1,1495,42.9,175,0
1,298.9,310.2,1623,37.2,177,0
1,298.9,310.2,1562,42.5,179,0
1,298.8,310.1,1574,36.2,181,0
1,298.8,310.0,1611,32.4,183,0
1,298.8,310.0,1403,45.6,185,0
1,298.8,310.1,1481,47.4,187,0
2,298.9,310.1,1441,41.2,189,0
0,298.8,310.1,1483,45.4,192,0
1,298.7,310.0,1555,32.6,197,0
1,298.6,309.9,1615,28.8,199,0
1,298.6,309.8,1561,32.6,201,0
1,298.5,309.8,1593,35.1,203,0
2,298.5,309.7,1552,34.0,205,0
0,298.5,309.7,1561,35.3,208,0
1,298.6,309.8,1597,35.9,213,0
2,298.6,309.9,1517,34.0,215,0
1,298.6,309.8,2271,16.2,218,1
1,298.5,309.7,1613,36.7,0,0
2,298.5,309.6,1509,47.3,2,0
1,298.6,309.7,1703,26.1,5,0
1,298.6,309.7,1925,22.1,7,0
2,298.6,309.6,1635,29.7,9,0
1,298.5,309.5,1294,66.7,12,1
1,298.6,309.6,1472,39.1,14,0
0,298.6,309.6,1449,42.5,16,0
1,298.6,309.6,1563,35.0,21,0
1,298.6,309.6,1611,35.7,23,0
1,298.6,309.6,1386,48.6,25,0
0,298.6,309.5,1584,31.8,27,0
2,298.7,309.6,1424,50.4,32,0
1,298.5,309.5,1561,34.8,35,0
1,298.5,309.4,1560,37.9,37,0
0,298.6,309.5,1375,41.0,39,0
2,298.6,309.5,1684,27.8,44,0
2,298.6,309.6,1397,54.1,47,0
1,298.6,309.6,1387,57.6,50,0
0,298.7,309.7,1311,54.5,52,0
1,298.8,309.8,1509,36.2,57,0
2,298.8,309.8,1477,46.7,59,0
1,298.8,309.9,1441,41.6,62,0
1,298.7,309.9,1404,47.1,64,0
0,298.8,309.9,1466,44.6,66,0
2,298.7,309.8,1435,48.8,71,0
0,298.7,309.7,1697,29.8,74,0
2,298.7,309.6,1738,27.3,79,0
0,298.6,309.5,1420,50.4,82,0
2,298.5,309.5,1535,39.8,87,0
1,298.6,309.6,1715,28.4,90,0
1,298.6,309.5,1483,43.2,92,0
2,298.5,309.4,1521,37.5,94,0
0,298.5,309.4,1573,36.0,97,0
0,298.5,309.4,1414,46.7,102,0
1,298.5,309.3,1590,33.9,107,0
1,298.5,309.3,1623,33.1,109,0
0,298.4,309.3,1694,30.9,111,0
2,298.4,309.2,1597,33.5,116,0
1,298.5,309.3,1471,44.7,119,0
2,298.5,309.3,1551,34.7,121,0
0,298.5,309.3,1421,50.3,124,0
2,298.4,309.3,1496,45.6,129,0
0,298.4,309.3,1984,19.2,132,0
1,298.4,309.2,1692,29.8,137,0
1,298.4,309.1,1467,42.5,139,0
1,298.4,309.2,1651,28.5,141,0
1,298.3,309.1,1417,60.5,143,0
1,298.2,309.0,1413,55.0,145,0
2,298.2,309.0,1441,44.2,147,0
2,298.2,309.0,1353,50.3,150,0
1,298.1,309.0,1502,40.9,153,0
1,298.2,309.0,1610,31.7,155,0
2,298.2,309.1,1411,45.8,157,0
1,298.3,309.1,1387,52.3,160,0
0,298.3,309.1,1430,40.9,162,0
2,298.4,309.1,1576,38.8,167,0
2,298.5,309.2,1721,29.4,170,0
2,298.5,309.3,1465,42.4,173,0
2,298.6,309.4,1407,45.1,176,0
2,298.6,309.4,1464,36.9,179,0
2,298.6,309.5,1568,36.7,182,0
1,298.6,309.4,1667,35.6,185,0
1,298.5,309.4,1360,60.9,187,1
2,298.5,309.3,1488,43.7,189,0
1,298.4,309.3,1504,39.3,192,0
1,298.4,309.2,1610,32.4,194,0
1,298.4,309.2,1345,52.7,196,0
2,298.3,309.3,1376,57.0,198,0
1,298.4,309.4,1385,50.0,201,0
2,298.4,309.4,1429,41.8,203,0
1,298.3,309.3,1337,56.1,206,1
1,298.4,309.3,1542,35.4,208,0
1,298.4,309.2,2118,17.7,210,0
1,298.3,309.1,1386,45.3,212,0
2,298.3,309.1,1632,32.7,0,0
1,298.4,309.3,1545,36.9,3,0
2,298.4,309.3,1390,53.6,5,0
2,298.4,309.3,1355,50.6,8,0
1,298.4,309.2,1425,45.5,11,0
2,298.4,309.2,1491,51.2,13,0
0,298.3,309.2,1486,42.4,16,0
2,298.3,309.2,1359,51.4,21,0
1,298.4,309.3,1395,47.6,24,0
1,298.3,309.2,1383,52.1,26,0
0,298.3,309.1,1484,37.0,28,0
1,298.3,309.1,1421,47.4,33,0
1,298.3,309.0,1339,58.8,35,0
1,298.4,309.1,1362,46.1,37,0
0,298.5,309.2,1568,40.6,39,0
1,298.6,309.4,2312,15.5,44,0
2,298.5,309.3,1498,34.6,46,0
2,298.5,309.3,1761,27.2,49,0
1,298.6,309.4,1316,51.4,52,0
1,298.6,309.4,1525,37.8,54,0
0,298.6,309.4,1362,45.3,56,0
1,298.7,309.6,1516,38.5,61,0
1,298.6,309.5,1450,44.2,63,0
2,298.6,309.5,1366,55.0,65,0
1,298.5,309.5,1547,33.1,68,0
2,298.6,309.5,1580,33.9,70,0
0,298.7,309.6,1755,26.9,73,0
2,298.7,309.6,1800,24.8,78,0
2,298.8,309.7,1439,45.8,81,0
1,298.9,309.8,1411,56.3,84,0
2,298.9,309.9,1645,31.4,86,0
2,298.9,309.8,2450,13.9,89,0
1,299.0,309.9,1630,34.0,92,0
1,299.0,309.9,1411,44.7,94,0
1,298.9,309.9,1526,35.4,96,0
1,298.9,309.9,1590,31.3,98,0
0,299.0,309.9,1884,25.6,100,0
2,298.9,309.8,1947,21.7,105,0
1,298.9,309.9,1373,52.1,108,0
1,298.9,309.8,1616,36.5,110,0
2,298.9,309.9,1449,44.1,112,0
2,298.9,309.8,1363,50.6,115,0
0,298.8,309.7,1461,55.1,118,0
1,298.8,309.7,1374,58.6,123,0
1,298.7,309.7,1293,59.1,125,0
2,298.8,309.8,1490,38.6,127,0
1,298.8,309.8,1753,27.5,130,0
1,298.8,309.8,1493,38.5,132,0
1,298.8,309.8,1895,22.0,134,0
0,298.7,309.6,1654,34.3,136,0
1,298.7,309.5,1673,30.8,141,0
1,298.8,309.6,1613,27.7,143,0
1,298.8,309.6,1903,22.3,145,0
1,298.8,309.5,1368,44.7,147,0
2,298.8,309.6,1575,34.4,149,0
0,298.8,309.6,1516,40.2,152,0
1,298.8,309.5,1645,32.8,157,0
1,298.8,309.5,1374,48.1,159,0
0,298.9,309.7,1407,48.6,161,0
2,298.9,309.6,1284,55.3,166,0
1,298.9,309.5,1645,31.1,169,0
1,298.8,309.4,1387,54.1,171,0
2,298.8,309.3,1618,35.1,173,0
1,298.8,309.3,1357,47.1,176,0
1,298.7,309.2,1396,44.8,178,0
1,298.7,309.2,1586,31.4,180,0
0,298.7,309.2,1449,42.3,182,0
2,298.7,309.2,1423,48.9,187,0
0,298.7,309.3,1402,45.3,190,0
2,298.7,309.2,1437,45.7,195,0
1,298.6,309.1,1537,35.7,198,0
2,298.7,309.1,1423,49.5,200,0
2,298.6,309.1,1587,37.3,203,0
2,298.6,309.1,1487,43.2,206,0
1,298.6,309.0,1456,47.7,0,0
1,298.7,309.1,1607,32.7,2,0
1,298.6,309.0,1469,46.0,4,0
2,298.6,309.0,1481,40.8,6,0
1,298.6,308.9,1327,58.8,9,0
1,298.5,308.8,1589,30.6,11,0
1,298.5,308.8,1670,29.6,13,0
2,298.5,308.7,1662,28.3,15,0
2,298.5,308.8,1553,34.9,18,0
2,298.5,308.8,1557,36.0,21,0
1,298.4,308.8,1352,56.7,24,0
1,298.5,308.8,1305,58.7,26,0
0,298.5,308.7,1450,43.9,28,0
2,298.5,308.7,1347,48.5,33,0
0,298.6,308.8,1566,39.1,36,0
2,298.5,308.7,1615,33.3,41,0
2,298.5,308.6,1384,54.4,44,0
2,298.5,308.7,1367,47.3,47,0
2,298.5,308.6,1897,20.2,50,0
1,298.5,308.6,1522,36.9,53,0
2,298.4,308.5,1576,27.4,55,0
0,298.4,308.4,1479,39.2,58,0
1,298.3,308.3,1452,45.5,63,0
1,298.3,308.3,1432,46.9,65,0
1,298.3,308.2,1663,28.4,67,0
1,298.3,308.3,1597,32.4,69,0
1,298.3,308.2,1472,44.3,71,0
1,298.4,308.3,1452,48.5,73,0
0,298.3,308.2,1534,33.2,75,0
1,298.3,308.1,1505,46.1,80,0
1,298.3,308.1,1528,33.9,82,0
0,298.3,308.1,2636,12.8,84,0
2,298.3,308.1,1722,28.6,89,0
1,298.4,308.1,1395,44.0,92,0
1,298.4,308.1,1375,50.8,94,0
2,298.3,308.0,1766,26.0,96,0
1,298.3,307.9,1399,47.8,99,0
1,298.3,308.0,1578,37.8,101,0
1,298.3,307.9,1502,42.0,103,0
2,298.2,307.9,1529,36.6,105,0
1,298.2,307.8,1804,25.1,108,0
2,298.2,307.8,1411,53.4,110,0
1,298.1,307.8,1413,54.1,113,0
1,298.2,307.8,1355,59.4,115,0
1,298.2,307.8,1429,46.9,117,0
1,298.1,307.8,1565,35.3,119,0
2,298.1,307.9,1446,42.8,121,0
2,298.2,307.9,1462,38.8,124,0
2,298.2,307.8,1578,34.5,127,0
1,298.1,307.8,1606,33.0,130,0
2,298.1,307.8,1525,35.9,132,0
1,298.1,307.8,1379,49.1,135,0
1,298.2,307.8,1575,35.0,137,0
1,298.2,307.9,1399,54.9,139,0
1,298.2,307.9,1429,49.4,141,0
1,298.3,307.9,1435,39.9,143,0
1,298.3,307.9,1766,26.5,145,0
1,298.3,307.9,1703,28.9,147,0
1,298.3,307.9,1507,41.2,149,0
2,298.3,307.9,1609,32.4,151,0
1,298.4,308.0,1605,32.4,154,0
1,298.4,308.1,1491,50.0,156,0
0,298.4,308.1,1891,24.7,158,0
0,298.5,308.2,1563,44.6,163,0
1,298.6,308.2,1390,51.4,168,0
1,298.5,308.2,1444,40.5,170,0
1,298.6,308.2,1361,68.2,172,1
2,298.6,308.3,1589,34.1,174,0
1,298.6,308.2,1705,26.3,177,0
1,298.6,308.3,1422,40.4,179,0
0,298.6,308.3,1377,52.1,181,0
1,298.5,308.3,1334,49.8,186,0
1,298.6,308.4,1559,36.6,188,0
1,298.7,308.5,1353,47.0,190,0
2,298.7,308.4,1507,45.7,192,0
1,298.7,308.4,1694,28.7,195,0
0,298.7,308.4,1432,42.8,197,0
0,298.7,308.5,1572,35.6,202,0
2,298.8,308.6,1507,42.3,207,0
2,298.8,308.6,1500,37.1,210,0
1,298.9,308.6,1771,24.1,213,0
2,298.8,308.5,1577,33.2,0,0
1,298.8,308.5,1527,36.2,3,0
2,298.9,308.4,1827,26.1,5,0
1,298.8,308.4,1484,39.2,8,0
1,298.8,308.4,1401,47.3,10,0
1,298.8,308.3,1634,27.9,12,0
2,298.8,308.4,1604,29.5,14,0
0,298.9,308.4,1632,31.8,17,0
2,299.0,308.6,1645,33.4,22,0
0,299.0,308.7,1408,48.5,25,0
2,299.0,308.7,1500,40.2,30,0
